{"cameraMode":{"drawMode":0,"name":"Shaded","section":"Shading Mode"},"sceneLighting":true,"audioPlay":false,"sceneViewState":{"showFog":true,"showMaterialUpdate":false,"showSkybox":true,"showFlares":true,"showImageEffects":true,"showParticleSystems":true},"in2DMode":false,"pivot":{"x":5.960464477539063e-8,"y":0.23500001430511475,"z":-1.1920928955078126e-7},"rotation":{"x":-0.21163541078567506,"y":0.47285735607147219,"z":-0.11812948435544968,"w":-0.8471501469612122},"size":7.711881160736084,"orthographic":false}